iter	MAE	RMSE
0	0.9217439644	1.158822189
1	0.891395926	1.123705378
2	0.8620153007	1.09006332
3	0.8348856211	1.058836372
4	0.8093806122	1.029210675
5	0.785845105	1.002504831
6	0.7632145524	0.9766180202
7	0.7433258757	0.9533109136
8	0.7241194452	0.9310404257
9	0.705370538	0.9096506756
10	0.6880779159	0.8897449243
11	0.6717002165	0.8711843875
12	0.6562948324	0.8537494423
13	0.6418901921	0.8378103415
14	0.6288277891	0.8230554849
15	0.6172189115	0.8100253948
16	0.6057282289	0.7968317626
17	0.5943896242	0.7844216562
18	0.5832089205	0.7720100859
19	0.5745054465	0.7619631654
20	0.5657492593	0.751890896
21	0.5579391627	0.7432551157
22	0.5504720898	0.7350557192
23	0.5431643041	0.7271466783
24	0.5324530554	0.7158317388
25	0.5226347664	0.7054854377
26	0.5138074497	0.6964450944
27	0.5054662857	0.6875145813
28	0.4975675443	0.6794552072
29	0.4903384509	0.6715045973
30	0.4839083115	0.6646166309
31	0.4779828546	0.6582087142
32	0.4724971439	0.6523074263
33	0.4662837704	0.6450820633
34	0.4608159406	0.638800491
35	0.4556445629	0.6329620803
36	0.4504925513	0.6268688309
37	0.4455005992	0.62111027
38	0.4412149797	0.6160105633
39	0.4372710459	0.611459988
40	0.4334316333	0.6070512168
41	0.4299694287	0.6029322538
42	0.4268755786	0.5993448261
43	0.4238639104	0.5959842981
44	0.4209910183	0.5925211796
45	0.4186763619	0.5896854522
46	0.4163242097	0.5868555257
47	0.4137211291	0.5838820848
48	0.4117497669	0.581543378
49	0.4096462903	0.5789946389
50	0.4075998414	0.576585888
51	0.4051155632	0.5738000726
52	0.403626955	0.5720215115
53	0.4021332937	0.5701664544
54	0.3999750459	0.5678719286
55	0.3983836794	0.5661442808
56	0.3967523978	0.5642588907
57	0.3956763034	0.5630513649
58	0.3938860217	0.5610741353
59	0.392336286	0.5593427248
60	0.3906645869	0.5571753117
61	0.3892973259	0.5553244594
62	0.3868672697	0.5531496172
63	0.3857197303	0.5518085609
64	0.3842547329	0.5502580914
65	0.3832310969	0.5489232328
66	0.3823947892	0.5477620589
67	0.3812263456	0.5465939909
68	0.3797922232	0.5450479129
69	0.3787379549	0.5435419076
70	0.3780471532	0.5425257107
71	0.3761739219	0.5407340754
72	0.3753879344	0.539877394
73	0.3747707794	0.5389708857
74	0.373963602	0.5379022084
75	0.3730620112	0.5367553057
76	0.372322154	0.5358857495
77	0.371666239	0.5350442188
78	0.3708557328	0.5340762795
79	0.3698562298	0.5326082443
80	0.3692021766	0.5318276822
81	0.3683390298	0.5306184857
82	0.3677001576	0.5297437327
83	0.3670918068	0.5288881134
84	0.3665531119	0.5280394982
85	0.3658114555	0.5272878549
86	0.3652771461	0.5266676885
87	0.3647589493	0.526121039
88	0.3639629241	0.5250026414
89	0.3630795082	0.5241275878
90	0.3627048365	0.5236284729
91	0.3622156094	0.5230925429
92	0.3618700369	0.5226515177
93	0.3614046291	0.5220094995
94	0.3606688288	0.5211189692
95	0.3597202111	0.5200767661
96	0.3592933616	0.5195991332
97	0.3587610458	0.5190207486
98	0.3581201209	0.5181327812
99	0.3577477756	0.517814307
100	0.3571306863	0.5171674826
101	0.3565137316	0.5164492012
102	0.3561431207	0.5160249502
103	0.3551101669	0.5150405025
104	0.354777216	0.5146793428
105	0.3543742799	0.5142223958
106	0.3538393312	0.5137139667
107	0.3534695524	0.5132546173
108	0.3528212283	0.5126225258
109	0.352378441	0.5121141369
110	0.3520089231	0.511481136
111	0.3512141091	0.5104469715
112	0.3507209138	0.5098894812
113	0.350009114	0.5090504753
114	0.3496021468	0.5086046686
115	0.3490950034	0.5080124097
116	0.3485188672	0.5073210862
117	0.3482216695	0.5068385086
118	0.3475331773	0.5061659668
119	0.3472841311	0.5057301881
120	0.3469498788	0.5052882763
121	0.3465499546	0.5047569601
122	0.3462322487	0.5042794585
123	0.3456985151	0.5035958182
124	0.3450348144	0.5028482556
125	0.3446502236	0.502320232
126	0.3443764422	0.5020928542
127	0.3439662431	0.5015984972
128	0.3437341063	0.5013971241
129	0.3431997629	0.5008379792
130	0.342670798	0.5002084725
131	0.3421309757	0.4996296726
132	0.3417476233	0.4990616636
133	0.3411328212	0.4985039215
134	0.3408122553	0.4980573908
135	0.3404866299	0.4976295085
136	0.3402487139	0.4972545386
137	0.3400050895	0.4970618821
138	0.3398102231	0.4968510131
139	0.3396536998	0.4967166953
140	0.3395190462	0.4965129491
141	0.3392135537	0.4960607105
142	0.3390433252	0.4957618426
143	0.3385873094	0.4953251537
144	0.3383783095	0.4950230973
145	0.3382681008	0.4948590891
146	0.3381439004	0.4947440925
147	0.3378418777	0.4944002005
148	0.3375691405	0.4940566865
149	0.3371089157	0.4935750565
150	0.3369270454	0.4932534719
151	0.3365030608	0.4928406851
152	0.3362220515	0.4924535964
153	0.3360659468	0.4921660669
154	0.3357166126	0.4918294574
155	0.3352294036	0.4911870151
156	0.3346762002	0.4906991516
157	0.3345271823	0.4904592582
158	0.3340607997	0.4899288133
159	0.3339052529	0.4896715948
160	0.3336263894	0.4893203519
161	0.3330694802	0.4888145289
162	0.332975321	0.488647776
163	0.3323046494	0.4879616469
164	0.3320556591	0.4875968702
165	0.3319080313	0.4874642678
166	0.3317481572	0.4871432888
167	0.3311791054	0.4866584009
168	0.3305906983	0.4861478977
169	0.3304539452	0.4859322498
170	0.3303092285	0.485656905
171	0.3299566649	0.4853069849
172	0.3297057994	0.4850154801
173	0.3293811443	0.4847035346
174	0.3290414893	0.4843599825
175	0.3286905463	0.4839744142
176	0.3283133585	0.4834184312
177	0.3280567035	0.4831347548
178	0.32778156	0.4828366313
179	0.3276171651	0.4825449214
180	0.3273900336	0.4823002718
181	0.3268163616	0.4817357084
182	0.3266238033	0.4814932493
183	0.3264600446	0.4811714592
184	0.3263171388	0.480904051
185	0.3256104402	0.4800952013
186	0.3251785011	0.4797052058
187	0.3250070835	0.4794024877
188	0.3247654806	0.4790203288
189	0.3245483646	0.4788299623
190	0.324317533	0.478330142
191	0.3240098787	0.4779555336
192	0.3238116263	0.4776966707
193	0.3236185936	0.4773807924
194	0.3233721981	0.4771459498
195	0.3231571091	0.4769404162
196	0.322900629	0.4766131709
197	0.322617995	0.4761271442
198	0.3223112346	0.4758019145
199	0.3220706828	0.4753566296
200	0.3217328542	0.4750015907
201	0.3214518949	0.4747943858
202	0.3213131839	0.4745056586
203	0.3209397487	0.4740515628
204	0.3206399338	0.4735626289
205	0.3205454177	0.4733183277
206	0.3203466626	0.4730057817
207	0.31983642	0.4724786647
208	0.3195841622	0.4721621533
209	0.3193337534	0.4718368039
210	0.3191693575	0.4715076854
211	0.3189148989	0.4712272735
212	0.3187474978	0.4710119787
213	0.3183548395	0.4706408651
214	0.3182608771	0.4704254912
215	0.3179923952	0.4700602065
216	0.317558645	0.4696670167
217	0.3173911727	0.4694949778
218	0.3173048418	0.4693108207
219	0.3171780865	0.4691340197
220	0.3169797125	0.4688968083
221	0.3168181933	0.4686075546
222	0.316693299	0.4684691957
223	0.3164671344	0.4682075146
224	0.316037563	0.4677586599
225	0.3157197644	0.4673976538
226	0.3155603408	0.4671681457
227	0.3154791846	0.4670415302
228	0.3151031912	0.4666157414
229	0.3149046097	0.46625733
230	0.3146163346	0.4659127791
231	0.3143327001	0.4656094028
232	0.3140781894	0.4653230458
233	0.3137491283	0.4650258553
234	0.313370146	0.4644771524
235	0.313213542	0.4641975187
236	0.313016182	0.463954974
237	0.3128882417	0.4637262264
238	0.3127056762	0.4634254986
239	0.3125113175	0.4630915178
240	0.3121576001	0.4627195071
241	0.3116793178	0.4622659399
242	0.3115050963	0.4618817316
243	0.3113342996	0.4615823316
244	0.3110843525	0.4612236882
245	0.310963157	0.4610281265
246	0.3106289072	0.4607117279
247	0.3104734783	0.4603982383
248	0.3103666838	0.4602492219
249	0.3102097368	0.4599494175
250	0.3100943637	0.4597880136
251	0.3099692794	0.4595583445
252	0.3098216874	0.4593912612
253	0.3096632962	0.4592069601
254	0.3094263859	0.4587565148
255	0.3093104804	0.4585841702
256	0.309096989	0.4583597501
257	0.3088945115	0.4580433038
258	0.3088112493	0.4579054133
259	0.3087448735	0.4577609191
260	0.3085439627	0.4575453965
261	0.3084029132	0.4573138118
262	0.308196714	0.4570836069
263	0.3080355763	0.4569375595
264	0.307720072	0.4565919485
265	0.3075557534	0.4563086377
266	0.3074642611	0.4561462167
267	0.3072935032	0.4558532723
268	0.3072062495	0.4556971683
269	0.307140589	0.4555423597
270	0.3070744367	0.4554180473
271	0.3069911641	0.4552471154
272	0.306686334	0.4549609293
273	0.3065134702	0.4547474006
274	0.3064745073	0.4547070542
275	0.3062938828	0.4543558612
276	0.3060823291	0.454003267
277	0.3059576646	0.4538417143
278	0.3053147356	0.4532538238
279	0.3052135539	0.4530253336
280	0.3049940931	0.4527065519
281	0.3048891452	0.4525128307
282	0.3047497943	0.4523604121
283	0.3044401991	0.4520632064
284	0.3043727871	0.451934618
285	0.3041295007	0.4515905868
286	0.3039928018	0.4513945145
287	0.3038918248	0.4511814385
288	0.3038020461	0.4510220212
289	0.3037122835	0.4508823955
290	0.3035516577	0.4507053532
291	0.3031192579	0.4502115251
292	0.3028837566	0.4499479561
293	0.3028307357	0.4498340872
294	0.3027237716	0.4496999379
295	0.3025813671	0.4495511732
296	0.3023339217	0.4493235168
297	0.3021173933	0.449112227
298	0.3019749012	0.4489021785
299	0.3019209216	0.4488065633
300	0.3017049107	0.4485039293
301	0.301654704	0.4484002818
302	0.3013829446	0.4481627079
303	0.301329042	0.448070013
304	0.3010830766	0.4478257191
305	0.3008141174	0.4475671727
306	0.30074464	0.4474356872
307	0.3005497585	0.4471573693
308	0.3001599013	0.4467884876
309	0.2999964734	0.4465629019
310	0.2996081599	0.4461543772
311	0.2991563102	0.445686096
312	0.299089793	0.4455887205
313	0.2990554371	0.4455101179
314	0.2990268004	0.4454519025
315	0.2988472497	0.4452466977
316	0.2988190978	0.4451742495
317	0.2986427905	0.4448898678
318	0.2983529513	0.4445218877
319	0.2980680946	0.4441808131
320	0.2978797066	0.443951261
321	0.2975393766	0.4436019567
322	0.2974222762	0.4434286501
323	0.2973480485	0.4432425285
324	0.2970625009	0.4430082447
325	0.2968312493	0.4427329366
326	0.2966924397	0.4424966658
327	0.2964320451	0.442197922
328	0.2962415944	0.4419201137
329	0.2958870443	0.4416040218
330	0.2957043356	0.441354974
331	0.2955946868	0.4412119262
332	0.2955009003	0.4410892113
333	0.2953160512	0.4408838385
334	0.2952129285	0.4407184308
335	0.2949287544	0.4404094401
336	0.2948204974	0.4402574663
337	0.2946470117	0.440028727
338	0.2945191036	0.4398432339
339	0.294474926	0.4397529812
340	0.2944017918	0.4396633555
341	0.2943446216	0.4395511513
342	0.2940777706	0.4392339554
343	0.2939618018	0.4390591924
344	0.2938046307	0.4388506896
345	0.2936942784	0.4386576047
346	0.2935620065	0.4384537611
347	0.2934624341	0.4382570346
348	0.2931969658	0.4379764864
349	0.2930663203	0.4378262356
350	0.2926651565	0.4374237546
351	0.2926286175	0.437356062
352	0.2925633909	0.437275019
353	0.2924361432	0.4370980979
354	0.2921755188	0.436781006
355	0.2921551785	0.4367361246
356	0.2920002103	0.4365535176
357	0.2919468852	0.4364575705
358	0.2918785191	0.4363923051
359	0.2918448523	0.436349563
360	0.2916762259	0.4361106953
361	0.2913625117	0.4358197869
362	0.2913031235	0.435707127
363	0.2911934464	0.4355451865
364	0.2911032364	0.4353898401
365	0.2909381701	0.435201422
366	0.2906989513	0.434945141
367	0.2905311312	0.4347273659
368	0.2903610557	0.434538551
369	0.2902615453	0.4344481425
370	0.2902208126	0.4343762713
371	0.2899439098	0.4340566505
372	0.2897778894	0.4338021596
373	0.2896728884	0.4336259167
374	0.2895108994	0.4334108844
375	0.2894566867	0.4332992967
376	0.2894267216	0.4332523041
377	0.2893072698	0.4330736195
378	0.2890031811	0.4327833677
379	0.2888859603	0.432628179
380	0.2887978	0.4324663987
381	0.2887689209	0.4323992007
382	0.2885107429	0.4320507035
383	0.2883602641	0.4318326909
384	0.2881114987	0.4315870877
385	0.2878674626	0.4312922792
386	0.2876272844	0.4310167221
387	0.2874807162	0.4308265973
388	0.2874225877	0.4307542577
389	0.287355287	0.4306627049
390	0.2872551857	0.4305726309
391	0.2871826274	0.430438387
392	0.2871302281	0.4303692059
393	0.2870723767	0.4302696706
394	0.2869839659	0.4301445014
395	0.2869343734	0.4300412025
396	0.2867882197	0.4298829589
397	0.2864840929	0.4296133542
398	0.2861549168	0.4293008024
399	0.2860992576	0.4291896561
400	0.2860283103	0.4290863562
401	0.2859418807	0.4288880585
402	0.2858628057	0.4287718685
403	0.2858277425	0.4286952118
404	0.2856898729	0.4285719457
405	0.2855699327	0.4283457504
406	0.2852748937	0.4280496461
407	0.2852596692	0.4280107062
408	0.284980587	0.4277391536
409	0.2848483165	0.4275575347
410	0.2847559632	0.4274046127
411	0.2845273908	0.4271063755
412	0.2844486168	0.4269445405
413	0.2843096284	0.4267899799
414	0.2842720501	0.4267405139
415	0.2840299116	0.4265060825
416	0.2838816624	0.4263451265
417	0.2838248844	0.4262720708
418	0.2836980566	0.4261328931
419	0.2836305434	0.4260589728
420	0.283471496	0.4258650395
421	0.283196559	0.4256100806
422	0.2831720703	0.4255482544
423	0.2831382499	0.4254654941
424	0.283020366	0.425280331
425	0.2829359144	0.4251507506
426	0.2828990567	0.4250891869
427	0.2828217682	0.4249667843
428	0.2827537573	0.4248984855
429	0.2826547513	0.424760136
430	0.2825183639	0.4245417722
431	0.2823946438	0.4243438471
432	0.2823275817	0.4242230273
433	0.2822855662	0.4241547418
434	0.2822029463	0.4240053648
435	0.2820875213	0.4238166317
436	0.2820478704	0.4237787197
437	0.2818012955	0.4235555416
438	0.2817273803	0.4234425243
439	0.2815474587	0.4232815547
440	0.2814766179	0.4231786889
441	0.2812166736	0.4229143782
442	0.2811236937	0.4227913548
443	0.2809214995	0.422596297
444	0.280823982	0.4224957236
445	0.280671251	0.4223369483
446	0.2805266848	0.4221095958
447	0.2804417383	0.4219799802
448	0.2804073669	0.4219145147
449	0.280170997	0.4216171455
450	0.2800851801	0.4214816621
451	0.2798784828	0.421193933
452	0.2797539699	0.4210171942
453	0.2797109372	0.4209335911
454	0.2795455513	0.4207265769
455	0.2795110676	0.420658196
456	0.2794848545	0.4206243771
457	0.2794135319	0.4204971502
458	0.2792011068	0.4201506418
459	0.2791635591	0.4200697993
460	0.2791064134	0.4199696765
461	0.2790545991	0.4199115899
462	0.2790078127	0.4198172123
463	0.2786469868	0.4194911231
464	0.2785698832	0.4193886065
465	0.2784636894	0.4192738363
466	0.2783896504	0.4191391735
467	0.2782628705	0.4190002855
468	0.2781687289	0.4188898207
469	0.2779924521	0.4187391817
470	0.277873826	0.4186100717
471	0.2777130817	0.4183759369
472	0.2775062982	0.4181853992
473	0.2774283042	0.41806975
474	0.2773792671	0.4179379712
475	0.2773590303	0.4178967421
476	0.2772873854	0.4177664011
477	0.2772234385	0.4176714199
478	0.2771711138	0.4175789785
479	0.2770574209	0.4174113798
480	0.2768662299	0.4171311114
481	0.2766842138	0.4168951738
482	0.2766344097	0.416810001
483	0.2764596314	0.4165314408
484	0.2763307006	0.4163198916
485	0.2762097512	0.4161058037
486	0.2761045978	0.4159301439
487	0.2759735765	0.4157834579
488	0.2758412672	0.4156542471
489	0.2758086056	0.4155894743
490	0.2756704888	0.4154578688
491	0.2755849354	0.4153096241
492	0.275542586	0.4152055982
493	0.2755231475	0.4151645742
494	0.2754928817	0.4151074876
495	0.2754222992	0.4149938609
496	0.275346998	0.414861803
497	0.2751067191	0.4146536116
498	0.2749499808	0.4145248408
499	0.2749144585	0.414438156
500	0.2748578581	0.4143196094
501	0.2747892906	0.4142247948
502	0.2745671309	0.4139080341
503	0.2743945612	0.4136628703
504	0.2742512003	0.4134912555
505	0.2741424889	0.4133322951
506	0.2738961968	0.4129751335
507	0.2738110143	0.412843807
508	0.273753416	0.4127827294
509	0.2735829938	0.4126139675
510	0.2735440602	0.412540424
511	0.2734791863	0.4124547897
512	0.273423701	0.4123488472
513	0.2733910165	0.4122738241
514	0.2733609316	0.4122084991
515	0.2732165187	0.4120098949
516	0.2732053937	0.4119692513
517	0.273104375	0.4118363354
518	0.273040488	0.4117089756
519	0.2729719621	0.4115823888
520	0.2728933183	0.4114340973
521	0.2728178995	0.4113184911
522	0.2727952583	0.4112756808
523	0.2726978071	0.4111700513
524	0.2726040512	0.4110550078
525	0.272539624	0.4109766521
526	0.2725096598	0.4109081075
527	0.2724397911	0.410826338
528	0.2723698657	0.410715644
529	0.2723317934	0.4106765131
530	0.2722445118	0.4105388499
531	0.2721289447	0.4103879225
532	0.2718783033	0.410159189
533	0.2717935946	0.4100164698
534	0.2717623279	0.4099433873
535	0.2717252262	0.4098693739
536	0.2715494031	0.4096581597
537	0.2714955969	0.4095547048
538	0.2713050469	0.4092915484
539	0.2711802577	0.409103882
540	0.2711160229	0.4089946139
541	0.2710573075	0.4089131779
542	0.2710275566	0.4088439119
543	0.2709301474	0.4087243383
544	0.2707166894	0.4085163529
545	0.2706699986	0.4084371443
546	0.2704116923	0.4081716099
547	0.2703521439	0.4080734262
548	0.2703126754	0.407996483
549	0.2702702076	0.4079095485
550	0.2702345808	0.4078367075
551	0.2701723166	0.4077347412
552	0.2698702752	0.4074421268
553	0.269834353	0.4074055442
554	0.2697044585	0.4071911527
555	0.2696822738	0.4071420209
556	0.269635316	0.4070843939
557	0.2695856382	0.4070041878
558	0.269372461	0.4067988906
559	0.2693131197	0.4067272092
560	0.2692113126	0.4065989436
561	0.2689869721	0.4063703392
562	0.2689214587	0.4062838151
563	0.268824865	0.4061193402
564	0.2686176897	0.4059341514
565	0.2685931828	0.4058914296
566	0.2685334642	0.4057800546
567	0.268397014	0.4056633539
568	0.2682984938	0.405513696
569	0.2682262905	0.4053926335
570	0.2681784846	0.4053021511
571	0.2681436944	0.4052448267
572	0.2680889399	0.4051473323
573	0.2680074611	0.4050513228
574	0.2678603164	0.4049134555
575	0.2677374459	0.4047769023
576	0.2676781457	0.4046538109
577	0.2676202939	0.4045679873
578	0.2675914072	0.4045325422
579	0.2675537067	0.4044647814
580	0.2673896748	0.4042390201
581	0.2673450878	0.4041697
582	0.2673313519	0.4041365536
583	0.2672698443	0.4040210841
584	0.267175332	0.4038922253
585	0.2671358505	0.4038183631
586	0.2670388281	0.4036635813
587	0.2670099405	0.4035689411
588	0.2669699909	0.4034934186
589	0.266755078	0.4033017485
590	0.2666443472	0.4032083611
591	0.266556853	0.4031005625
592	0.2664563448	0.4029382407
593	0.2663895039	0.4028187728
594	0.2662740242	0.4026980006
595	0.2660991761	0.4024576706
596	0.2660655144	0.4024007993
597	0.2659952374	0.4022831469
598	0.2659444901	0.4022126788
599	0.2658005674	0.4020323944
600	0.2656219675	0.4017819612
601	0.2655665221	0.4016836849
602	0.2655481505	0.4016594694
603	0.2654662889	0.4015144014
604	0.2652291829	0.4012959622
605	0.2652149602	0.4012697159
606	0.2651779579	0.4012092662
607	0.2651433895	0.4011424951
608	0.2650994579	0.4010756614
609	0.2650713264	0.4010305757
610	0.2650287987	0.4009660607
611	0.2649748443	0.4009032438
612	0.2649397497	0.4008409367
613	0.2647803929	0.4006640102
614	0.2646938098	0.4005463992
615	0.2646380947	0.4004859354
616	0.2645084504	0.4002864537
617	0.2643515561	0.4000596276
618	0.2643054263	0.3999841484
619	0.2641984771	0.3998649317
620	0.2640835814	0.3997272347
621	0.2640312207	0.3996219407
622	0.2639491061	0.3995336828
623	0.2638580764	0.3993862259
624	0.2637980954	0.3992933618
625	0.2636245806	0.399125236
626	0.2634528314	0.3989592097
627	0.2634159527	0.3988852216
628	0.2633713738	0.398806624
629	0.2633547189	0.3987668878
630	0.2632204816	0.3985404757
631	0.2631857439	0.3984595071
632	0.2631310918	0.3983898791
633	0.2630398424	0.39826004
634	0.2629776534	0.3981667956
635	0.2627873383	0.3979989871
636	0.2627398892	0.3979350799
637	0.2626603188	0.3978284608
638	0.2626401227	0.3977899704
639	0.2625494278	0.3976871832
640	0.2624796552	0.3975848451
641	0.2624222721	0.3975039628
642	0.2623664622	0.3973827041
643	0.2622289151	0.3971812764
644	0.2621798564	0.3971359901
645	0.2620443511	0.3970141637
646	0.2619873848	0.3969356135
647	0.2619016598	0.3968556474
648	0.2618541477	0.3967834601
649	0.2618088549	0.3967019802
650	0.261644596	0.3965428405
651	0.2616144023	0.3964941089
652	0.2614703353	0.3963729165
653	0.2614254263	0.3962886068
654	0.2614052239	0.396268368
655	0.2613464987	0.3961593061
656	0.2612836384	0.3960833867
657	0.2612456721	0.3960283672
658	0.2611464172	0.3959144113
659	0.2611165045	0.3958708042
660	0.2610129812	0.3956971298
661	0.2609456098	0.3955980926
662	0.2607951765	0.3954109272
663	0.2606508837	0.3952669288
664	0.2606241114	0.3952109422
665	0.2604934179	0.395017642
666	0.2604330654	0.3949404137
667	0.2603545135	0.3948450908
668	0.260157446	0.3945522496
669	0.2601072037	0.3944656747
670	0.2600646579	0.3944063881
671	0.260023609	0.3943477362
672	0.2598794781	0.3941703474
673	0.2598327678	0.3940843284
674	0.2598007937	0.3940392888
675	0.2597782896	0.3939944993
676	0.2597277315	0.3939311242
677	0.2596647221	0.3938062304
678	0.2596358064	0.3937753324
679	0.2595675558	0.3936600186
680	0.2595319273	0.3935847037
681	0.2594742984	0.3935021787
682	0.2594348572	0.3934507477
683	0.2594113456	0.3933986051
684	0.2593584159	0.3933016842
685	0.2593227756	0.3932294527
686	0.2592781104	0.3931436588
687	0.2591320286	0.3929769446
688	0.259040709	0.3928388991
689	0.2589815103	0.3927455971
690	0.2589453848	0.3926940225
691	0.2588617907	0.3925735772
692	0.2587993728	0.3924510941
693	0.2587520097	0.3923699755
694	0.2586210181	0.3922193394
695	0.2585811408	0.3921537536
696	0.2584914571	0.3920341397
697	0.2584652061	0.391970866
698	0.2584274751	0.3919028958
699	0.2584084061	0.3918706731
700	0.2583847772	0.3918241752
701	0.2581849124	0.3916245783
702	0.2581657715	0.3915926989
703	0.2581065299	0.3915115192
704	0.2579787437	0.3913900234
705	0.2578124565	0.3912163452
706	0.2577960796	0.391189303
707	0.2577346496	0.3910820292
708	0.2576755489	0.390965894
709	0.257603736	0.3908836372
710	0.2575045853	0.3907467561
711	0.2574361425	0.3906661121
712	0.2572904821	0.3905293606
713	0.257237552	0.3904551979
714	0.2572092723	0.3903925511
715	0.2571850727	0.3903725928
716	0.2571310378	0.3902750482
717	0.2570044259	0.3901192709
718	0.2569294946	0.3899831157
719	0.2568896083	0.3899467113
720	0.2568016197	0.3898555228
721	0.2567610793	0.3897888672
722	0.2566490565	0.3895941472
723	0.2565790475	0.3895051133
724	0.2564657606	0.389369226
725	0.2563930052	0.3892584327
726	0.2562851937	0.3891228956
727	0.2561837031	0.3889529775
728	0.2561213857	0.3888406716
729	0.2560736468	0.3887779084
730	0.2560317664	0.3886948765
731	0.2559659681	0.3885870992
732	0.2559379841	0.3885443093
733	0.2558936852	0.3884809671
734	0.2558152379	0.3883747812
735	0.2558014089	0.3883437047
736	0.255770179	0.3883046724
737	0.2556421155	0.3881838587
738	0.2556089414	0.3881309548
739	0.2555750207	0.3880857404
740	0.2555440303	0.3880448285
741	0.2554851788	0.387988597
742	0.2554194591	0.3878870862
743	0.2553668214	0.3878050871
744	0.2552897296	0.3876708188
745	0.2552611299	0.3876137692
746	0.2551747016	0.3874986603
747	0.2550797418	0.3874170275
748	0.2550108385	0.3873189398
749	0.2549612071	0.387265315
750	0.2549212017	0.3872067418
751	0.2549177419	0.3871965845
752	0.2548190745	0.3870466467
753	0.254778031	0.3869935821
754	0.2547232664	0.3869094588
755	0.2546173371	0.3867764119
756	0.2545999848	0.3867415714
757	0.2545602313	0.3866834284
758	0.2545118671	0.3866250787
759	0.2544682927	0.3865697771
760	0.2544315706	0.3865055847
761	0.2543918922	0.3864374104
762	0.254384549	0.3864223391
763	0.2543706663	0.3863928704
764	0.2542804797	0.3862563937
765	0.2542028148	0.3861460633
766	0.2541282402	0.3860543287
767	0.2539995842	0.3858684073
768	0.2538733783	0.3856891951
769	0.2537947216	0.3855900475
770	0.2537520288	0.3855229785
771	0.2536997475	0.3854600985
772	0.253643763	0.3854073885
773	0.2535984204	0.3853610334
774	0.2535317645	0.3852640719
775	0.2534735956	0.3851891365
776	0.2534590875	0.3851647387
777	0.2534231994	0.3851279192
778	0.2533824392	0.3850768851
779	0.2532700311	0.3849241259
780	0.2531843629	0.3847981732
781	0.2531427752	0.3847216313
782	0.253087221	0.3846174546
783	0.2530241092	0.3845213855
784	0.25294212	0.384397696
785	0.2528717858	0.3842915968
786	0.252851726	0.3842548789
787	0.2528187466	0.3842031326
788	0.2527770607	0.3841420247
789	0.2526812492	0.3839767141
790	0.2526249361	0.3838866698
791	0.25258791	0.3838120656
792	0.2525384313	0.3837373354
793	0.2524388223	0.3835708561
794	0.2523611219	0.3834610495
795	0.2523156182	0.3834173872
796	0.2522586916	0.3833060706
797	0.2521836079	0.3831907799
798	0.2521808326	0.3831874119
799	0.2521456885	0.3831072296
800	0.2520839153	0.3830280708
801	0.2519813455	0.3828939529
802	0.2519020622	0.3827756813
803	0.2518703532	0.3827177343
804	0.2518228733	0.3826457456
805	0.2517509723	0.382581125
806	0.2517106959	0.3824961772
807	0.2516470815	0.3824244368
808	0.2516168709	0.3823633358
809	0.2514776226	0.382216615
810	0.2514000794	0.3821208958
811	0.2513240858	0.3820092795
812	0.2512951365	0.3819527917
813	0.2512443959	0.3818641145
814	0.2511855172	0.3818078895
815	0.2511236877	0.3817269413
816	0.2510618555	0.3816676943
817	0.2510225095	0.3815969784
818	0.2509854871	0.3815289584
819	0.2509318795	0.3814156302
820	0.2509072109	0.3813830487
821	0.2508993528	0.3813743767
822	0.250857668	0.3813099061
823	0.2507800821	0.3812003191
824	0.2507642952	0.3811698831
825	0.2507202984	0.3811116041
826	0.2507075978	0.3810825301
827	0.250613806	0.3809540789
828	0.2505707366	0.3809148116
829	0.2505020551	0.3808536991
830	0.2504544775	0.3807934859
831	0.2504349183	0.3807614095
832	0.2503871207	0.3807004953
833	0.2503608683	0.3806527809
834	0.250348644	0.3806128884
835	0.2502868454	0.3805062079
836	0.2502312329	0.3804352214
837	0.2501863165	0.3803703963
838	0.2501562768	0.3803202452
839	0.2500900613	0.3802231087
840	0.2499937927	0.3800796437
841	0.2499579761	0.3800171369
842	0.2498246489	0.3798944667
843	0.249771805	0.379788365
844	0.2496541944	0.3796684371
845	0.2496377954	0.3796288741
846	0.2496067778	0.3795803529
847	0.2495484191	0.3794766439
848	0.2494924659	0.3793758452
849	0.2494069185	0.3792493686
850	0.2493386439	0.3791525647
851	0.2492663775	0.3790762063
852	0.2491887534	0.378978524
853	0.2491589747	0.3789375807
854	0.2491165054	0.378885594
855	0.2489684506	0.3787066975
856	0.2489293884	0.3786281621
857	0.2488959705	0.3785724628
858	0.2488905311	0.3785572841
859	0.2488656003	0.3784987023
860	0.2488151613	0.378408897
861	0.2487557627	0.3783264184
862	0.2486395985	0.3781553749
863	0.2485993583	0.3781116155
864	0.2485263422	0.3780257128
865	0.2484543592	0.3779528604
866	0.248415264	0.377916837
867	0.2483805218	0.3778686556
868	0.2483768015	0.3778644899
869	0.248375619	0.3778605378
870	0.248312444	0.3777672676
871	0.2482183611	0.3776317949
872	0.2481969387	0.3775849691
873	0.2481315607	0.3775052994
874	0.2480853629	0.3774516885
875	0.248063185	0.3773988872
876	0.2480387869	0.3773527277
877	0.2480113136	0.3773153458
878	0.2479918702	0.3772592283
879	0.2479578887	0.3771871766
880	0.2479156016	0.3771001064
881	0.2478987779	0.3770612981
882	0.2478501744	0.3769927777
883	0.2478208681	0.3769367739
884	0.2477648341	0.3768684067
885	0.2477349782	0.3768129757
886	0.2477176187	0.376786802
887	0.2476276652	0.3766494467
888	0.2475949862	0.3765980931
889	0.2475892024	0.3765886827
890	0.247550303	0.3765162521
891	0.2475194673	0.3764375086
892	0.247412473	0.3762733586
893	0.2473617669	0.376186047
894	0.2473084491	0.3761175876
895	0.2472586732	0.3760135727
896	0.2471940544	0.3759161055
897	0.2471468362	0.3758505403
898	0.2471189607	0.3758075918
899	0.2470873017	0.3757339077
900	0.2470168698	0.375624293
901	0.2469489459	0.3755622337
902	0.2469194836	0.3754942881
903	0.2468758918	0.375427862
904	0.246827966	0.3753755796
905	0.2467831615	0.3752938468
906	0.2467556136	0.3752399544
907	0.2467024313	0.3751656984
908	0.2466752542	0.3751210591
909	0.2466196145	0.375052623
910	0.2465844154	0.3749733847
911	0.2465606488	0.3749220672
912	0.2465481542	0.3748943469
913	0.2464992076	0.3748449211
914	0.2464737671	0.3747973405
915	0.2464685661	0.3747902828
916	0.2464075116	0.3747080451
917	0.2463711	0.3746728288
918	0.2463239964	0.3746049532
919	0.2463015049	0.3745707373
920	0.2462759101	0.3745462895
921	0.246147395	0.3743942243
922	0.2461431567	0.3743894985
923	0.2461102904	0.3743391091
924	0.2460647095	0.3742658208
925	0.2459496245	0.3740858099
926	0.2458660287	0.3739624577
927	0.245859329	0.3739275346
928	0.245822157	0.3738929559
929	0.2457501231	0.3738271524
930	0.2456981235	0.3737290382
931	0.2456281808	0.3736311564
932	0.2455814611	0.3735556348
933	0.2455410375	0.3735004837
934	0.2455319429	0.3734826643
935	0.2454049001	0.3733205724
936	0.2453175112	0.3732161584
937	0.2452624912	0.3731344211
938	0.2452492439	0.3731012313
939	0.2452366654	0.3730657554
940	0.2452072532	0.3730147996
941	0.2451349125	0.3729250242
942	0.2451277241	0.3729065876
943	0.2451150693	0.3728598491
944	0.2450678824	0.3727942674
945	0.2450413139	0.3727430417
946	0.2450062717	0.3726862183
947	0.24498113	0.372652985
948	0.2449311744	0.3726053219
949	0.2449059418	0.3725415204
950	0.2448740193	0.3724732913
951	0.2448179964	0.3724000656
952	0.2448063879	0.3723683513
953	0.244788199	0.3723293417
954	0.2447499283	0.3722533845
955	0.2446722681	0.3721485118
956	0.2446016867	0.3720441594
957	0.2445572395	0.371973698
958	0.244474435	0.3718657472
959	0.2444469761	0.3718370463
960	0.2444059578	0.3717488428
961	0.2443299724	0.3716604526
962	0.2443156895	0.3716467769
963	0.2442649661	0.3715468013
964	0.2442548796	0.3715191473
965	0.2442016777	0.3714460313
966	0.2441669087	0.3713952729
967	0.2441078276	0.3713222107
968	0.244073918	0.3712561427
969	0.2439969879	0.3711468845
970	0.2439366407	0.3710571189
971	0.2439139185	0.3710161806
972	0.2439019632	0.3709895857
973	0.2438809466	0.3709318671
974	0.2438477144	0.3708721605
975	0.2438115741	0.3708125
976	0.2437832268	0.3707693274
977	0.2437495916	0.3707130882
978	0.2436618055	0.3705968278
979	0.2436412473	0.3705692344
980	0.2436190574	0.3705197594
981	0.2435375702	0.3704202153
982	0.2434614267	0.3702791085
983	0.2433882785	0.3701900103
984	0.2433367851	0.3701161835
985	0.2432964012	0.3700496593
986	0.2432942609	0.3700485855
987	0.2432768857	0.3700346803
988	0.2432684629	0.3700114195
989	0.2431909873	0.3699025669
990	0.243143288	0.3698255427
991	0.2431187264	0.3697757329
992	0.2430426776	0.3696527746
993	0.2429935186	0.3695889877
994	0.2429328493	0.3694778845
995	0.2429004754	0.36942381
996	0.2428275143	0.3693175916
997	0.2428088989	0.3692836282
998	0.2427793631	0.3692457223
999	0.2427613452	0.3692241388
